Target,Source
"WORLD PAGANISM, THEORY & TECHNIQUE",Llewellyn Publications
"WORLD PAGANISM, SANTERIA",Llewellyn Publications
"WORLD PAGANISM, OTHER DIVINATION",Llewellyn Publications
"WORLD PAGANISM, SHAMANISM",Bear & Company
"WORLD PAGANISM, RUNES",Independently Published
WORLD PAGANISM,"HarperOne, Independently Published, Llewellyn Publications, Thames & Hudson"
"WITCHCRAFT, WORLD PAGANISM",Llewellyn Publications
"WITCHCRAFT, RELATIONSHIPS & LOVE, LGBTQ",Llewellyn Publications
"WITCHCRAFT, CDS",Llewellyn Publications
"WITCHCRAFT, SPELLS, WORLD PAGANISM",Weiser Books
"WITCHCRAFT, SPELLS, RITUALS. MEDITATION",Adams Media
"WITCHCRAFT, SPELLS, RITUALS, DIVINATION",Independently Published
"WITCHCRAFT, SPELLS, RITUALS","Weiser Books, Leaping Hare Press, Adams Media, Rockridge Press, Independently Published"
"WITCHCRAFT, SPELLS, HOME & GARDEN",Adams Media
"WITCHCRAFT, SPELLS, GREEN SPIRTUALITY","Chamberlain Publications, Ixia Press "
"WITCHCRAFT, SPELLS","Weiser Books, Harper Design, Hay House, Independently Published, Witch Way Publishing, Adams Media, Rockridge Press, HarperOne, Rockpool Publishing, Thorsons Pub, Sterling Ethos"
"WITCHCRAFT, MEDITATION",Llewellyn Publications
"WITCHCRAFT, MANIFESTATION",Hay House
"WITCHCRAFT, DIVINATION","Independently Published, Visionary Living, Incorporated, Esoteric Knowledge Publishing"
WITCHCRAFT,"Hay House, Llewellyn Publications, Fair Winds Press"
"WICCA, WITCHCRAFT, SPELLS","CreateSpace Independent Publishing Platform, Sterling Ethos, Chamberlain Publications"
"WICCA, WITCHCRAFT","Hay House, Llewellyn Publications, Provenance Press"
"WICCA, KABBALAH",Llewellyn Publications
"WICCA, WORLD PAGANISM, GOD & GODDESS WORSHIP",CreateSpace Independent Publishing Platform
"WICCA, SPELLS, RITUALS",Independently Published
"WICCA, SABBATS & SEASONS",CreateSpace Independent Publishing Platform
WICCA,"Sterling Ethos, Llewellyn Publications, Chamberlain Publications"
VAMPIRES & MYTHICAL CREATURES,Llewellyn Publications
"UFO & ALIEN ENCOUNTERS, VAMPIRES & MYTHICAL CREATURES",Llewellyn Publications
UFO & ALIEN ENCOUNTERS,"MUFON, Red Wheel, Llewellyn Publications"
THEORY & TECHNIQUE,Llewellyn Publications
"THEORY & PRACTICE, OTHER DIVINATION, TAROT, LENORMAND",Llewellyn Publications
"THEORY & PRACTICE, ADVANCED",Llewellyn Publications
"THEORY & PRACTICE, TAROT",Llewellyn Publications
"THEORY & PRACTICE, LENORMAND",Llewellyn Publications
"TAROT, SPIRITUALITY",Weiser Books
"TAROT, GETTING STARTED, NUMEROLOGY, DIVINATION","Zeitgeist, Weiser Books"
"SPIRITUALITY, RITUAL",Llewellyn Publications
"SPIRITUALITY, PRACTICAL TECHNIQUES",Llewellyn Publications
"SPIRITUALITY, WORLD PAGANISM",Hay House
"SPIRITUALITY, PARAPSYCHOLOGY",Hay House
"SPIRITUALITY, HEALING",Hay House
SPIRITUALITY,Hay House
"SPIRIT GUIDES, OCCULTISM","Weiser Books, Visionary Living, Incorporated"
"SPIRIT GUIDES, MEDITATION",Hay House
"SPIRIT GUIDES, ANIMALS",Adams Media
SPIRIT GUIDES,Hay House
"SPIRIT COMMUNICATION, SPIRIT GUIDES, RITUAL",Hay House
"SPIRIT COMMUNICATION, SPIRIT GUIDES, HEALING",Hay House
SPIRIT COMMUNICATION,"Hay House, Llewellyn Publications"
"SPELLS, WITCHCRAFT",Llewellyn Publications
"SPELLS, WICCA",Llewellyn Publications
"SPELLS, RELATIONSHIPS & LOVE",Llewellyn Publications
"SPELLS, PRACTICAL TECHNIQUES, WICCA, WITCHCRAFT",Llewellyn Publications
"SPELLS, PRACTICAL TECHNIQUES, WICCA",Llewellyn Publications
"SPELLS, PRACTICAL TECHNIQUES",Llewellyn Publications
"SPELLS, RITUALS, WITCHCRAFT",Witch Way Publishing
"SPELLS, RITUALS, ENERGY WORK, WITCHCRAFT",Hay House
SPELLS,"Independently Published, Llewellyn Publications"
"SOLITARY PATH, WICCA",Llewellyn Publications
"SHAMANISM, KABBALAH",Llewellyn Publications
"SHAMANISM, HEALING, NATURAL MAGIC",Hay House
"SHAMANISM, HEALING, MANIFESTATION",Hay House
SHAMANISM,"Hay House, Llewellyn Publications"
"SEXUALITY, THEORY & TECHNIQUE",Llewellyn Publications
SEXUALITY,Llewellyn Publications
SELF-HYPNOSIS,"Hay House , Llewellyn Publications"
SABBATS & SEASONS,Llewellyn Publications
"RUNES, ORACLES",Hay House
RUNES,"Llewellyn Publications, Chamberlain Publications"
"RITUAL, WORLD PAGANISM",Llewellyn Publications
"RITUAL, WITCHCRAFT, MAGIC & SPELLS, TAROT",Llewellyn Publications
"RITUAL, WITCHCRAFT",Llewellyn Publications
"RITUAL, WICCA, WITCHCRAFT",Llewellyn Publications
"RITUAL, THEORY & TECHNIQUE, LGBTQ",Llewellyn Publications
"RITUAL, THEORY & TECHNIQUE",Llewellyn Publications
"RITUAL, THEORY & PRACTICE, AMULETS & TALISMANS",Llewellyn Publications
"RITUAL, SPELLS, WITCHCRAFT",Llewellyn Publications
"RITUAL, SPELLS, WICCA, WITCHCRAFT",Llewellyn Publications
"RITUAL, SPELLS",Llewellyn Publications
"RITUAL, SANTERIA",Llewellyn Publications
"RITUAL, PRACTICAL TECHNIQUES",Llewellyn Publications
"RITUAL, PENDULUM",Llewellyn Publications
"RITUAL, WITCHCRAFT, EMPOWERMENT",Hay House
"RITUAL, MEDITATION, MANIFESTATION",Hay House
RITUAL,Llewellyn Publications
"RITES OF PASSAGE, WICCA, WITCHCRAFT",Llewellyn Publications
"RITES OF PASSAGE, SPELLS, RELATIONSHIPS & LOVE",Llewellyn Publications
"RITES OF PASSAGE, SABBATS & SEASONS, WICCA",Llewellyn Publications
"RELATIONSHIPS, SPIRITUALITY",Llewellyn Publications
RELATIONSHIPS,Llewellyn Publications
"REFERENCE, VAMPIRES & MYTHICAL CREATURES",Llewellyn Publications
"REFERENCE, THEORY & PRACTICE",Llewellyn Publications
"REFERENCE, RITUAL, AMULETS & TALISMANS",Llewellyn Publications
REFERENCE,Llewellyn Publications
"PlANETS & SIGNS, MANIFESTATION",Independently Published
"PSYCHIC DEVELOPMENT, VAMPIRES & MYTHICAL CREATURES",Llewellyn Publications
"PSYCHIC DEVELOPMENT, SPIRIT COMMUNICATION","Llewellyn Publications, Hay House"
"PSYCHIC DEVELOPMENT, PRACTICAL TECHNIQUES",Llewellyn Publications
"PSYCHIC DEVELOPMENT, PAST LIVES & AFTERLIFE",Llewellyn Publications
"PSYCHIC DEVELOPMENT, OTHER DIVINATION",Llewellyn Publications
"PSYCHIC DEVELOPMENT, ASTRAL PROJECTION",Llewellyn Publications
"PSYCHIC DEVELOPMENT, SPIRIT COMMUNICATION",Hay House
"PSYCHIC DEVELOPMENT, SPELLS",Sterling Ethos
"PSYCHIC DEVELOPMENT, RITUALS",Hay House
"PSYCHIC DEVELOPMENT, MEDITATION, SPIRITUALITY",Hay House
"PSYCHIC DEVELOPMENT, HEALING",Hay House
"PSYCHIC DEVELOPMENT, ANIMALS",Hay House
PSYCHIC DEVELOPMENT,"Llewellyn Publications, Hay House, New Page Books"
PROFESSIONAL,Llewellyn Publications
"PRACTICAL TECHNIQUES, WITCHCRAFT, THEORY & TECHNIQUE, AMULETS & TALISMANS",Llewellyn Publications
"PRACTICAL TECHNIQUES, WITCHCRAFT, GHOSTS & HAUNTINGS",Llewellyn Publications
"PRACTICAL TECHNIQUES, WITCHCRAFT",Llewellyn Publications
"PRACTICAL TECHNIQUES, WICCA",Llewellyn Publications
"PRACTICAL TECHNIQUES, THEORY & TECHNIQUE",Llewellyn Publications
"PRACTICAL TECHNIQUES, RITUAL",Llewellyn Publications
"PRACTICAL TECHNIQUES, ASTRAL PROJECTION",Llewellyn Publications
"PLANETS & SIGNS, ANGELS & SPIRIT GUIDES, GODDESS WORSHIP, RITUALS",Hay House
"PLANETS & SIGNS, ANGELS & SPIRIT GUIDES","Llewellyn Publications, Hay House"
"PLANETS & SIGNS, WITCHCRAFT, SPELLS","Rockridge Press, Independently Published"
"PLANETS & SIGNS, RELATIONSHIPS",Hay House
"PLANETS & SIGNS, ANGELS & GUIDES",Independently Published
PLANETS & SIGNS,"Llewellyn Publications, Andrews McMeel Publishing"
"PENDULUM, DIVINATION",Llewellyn Publications
PENDULUM,Llewellyn Publications
"PAST LIVES, REINCARNATION, RELATIONSHIPS",Hay House
"PAST LIVES & AFTERLIFE, SPIRIT COMMUNICATION, REINCARNATION",Llewellyn Publications
"PAST LIVES & AFTERLIFE, REINCARNATION, PARAPSYCHOLOGY",Hay House
"PAST LIVES & AFTERLIFE, REINCARNATION",Hay House
"PAST LIVES & AFTERLIFE, ASTRAL PROJECTION, PSYCHIC DEVELOPMENT",Llewellyn Publications
PAST LIVES & AFTERLIFE,"Llewellyn Publications, Visionary Living, Incorporated"
PAST LIVES,Hay House
"PARAPSYCHOLOGY, RELATIONSHIPS",Hay House
"PARAPSYCHOLOGY, OCCULTISM",Martino Fine Books
"PARAPSYCHOLOGY, HEALING",Hay House 
PARAPSYCHOLOGY,Hay House
PARANORMAL,"Hay House, Macmillan"
PALMISTRY,Llewellyn Publications
"PAGAN, WORLD PAGANISM, SANTERIA",Llewellyn Publications
"PAGAN, WORLD PAGANISM",Llewellyn Publications
"PAGAN, WITCHCRAFT, LGBTQ",Llewellyn Publications
"PAGAN, WITCHCRAFT",Llewellyn Publications
"PAGAN, WICCA, WITCHCRAFT, GHOSTS & HAUNTINGS, SPIRIT COMMUNICATION",Llewellyn Publications
"PAGAN, WICCA, WITCHCRAFT",Llewellyn Publications
"PAGAN, SPELLS, WITCHCRAFT",Llewellyn Publications
"PAGAN, SPELLS, PRACTICAL TECHNIQUES, WITCHCRAFT",Llewellyn Publications
"PAGAN, SPELLS, PRACTICAL TECHNIQUES",Llewellyn Publications
"PAGAN, SPELLS",Llewellyn Publications
"PAGAN, SOLITARY PATH, WITCHCRAFT",Llewellyn Publications
"PAGAN, SOLITARY PATH, SPELLS, PRACTICAL TECHNIQUES, WITCHCRAFT",Llewellyn Publications
"PAGAN, SHAMANISM, WORLD PAGANISM",Llewellyn Publications
"PAGAN, SABBATS & SEASONS, WITCHCRAFT, WORLD PAGANISM",Llewellyn Publications
"PAGAN, SABBATS & SEASONS, WITCHCRAFT",Llewellyn Publications
"PAGAN, RITUAL, WITCHCRAFT",Llewellyn Publications
"PAGAN, RITUAL, SPELLS, WITCHCRAFT",Llewellyn Publications
"PAGAN, RITUAL, SPELLS, PRACTICAL TECHNIQUES, WITCHCRAFT",Llewellyn Publications
"PAGAN, RITUAL, SABBATS & SEASONS, SPELLS, WITCHCRAFT",Llewellyn Publications
"PAGAN, RITUAL",Llewellyn Publications
"PAGAN, RITES OF PASSAGE, RITUAL",Llewellyn Publications
"PAGAN, PRACTICAL TECHNIQUES, WITCHCRAFT",Llewellyn Publications
"PAGAN, ANCESTORS AND ANCESTOR WORK",Llewellyn Publications
"PAGAN, RITUAL","Adams Media, Llewellyn Publications"
PAGAN,Llewellyn Publications
OTHER DIVINATION,Llewellyn Publications
ORACLES,Llewellyn Publications
"OCCULTISM, UFOS",CreateSpace Independent Publishing Platform
"OCCULTISM, GHOST & HAUNTINGS","Quirk Books, Safari Publishing"
"OCCULTISM, ALCHEMY",Viking Pr
OCCULTISM,"Intervarsity Pr, The Original Falcon Press, Madleo Publishing"
"NUMEROLOGY, ANGELS & SPIRIT GUIDES",Hay House
NUMEROLOGY,"Hay House, Llewellyn Publications"
"NATURAL MAGIC, WITCHCRAFT",Llewellyn Publications
"NATURAL MAGIC, SPELLS, MEDITATION",Witch Way Publishing
"NATURAL MAGIC, SPELLS","Sterling Ethos, Reaper Publishing, LLC"
NATURAL MAGIC,Hay House
"MYTHICAL CREATURES, VAMPIRES","McFarland , NeDeo Press, Checkmark Books, Visionary Living, Incorporated"
"MYTHICAL CREATURES, SPELLS, NATURAL MAGIC, WITCHCRAFT",Hay House
"MYTHICAL CREATURES, SPELLS, NATURAL MAGIC",Hay House
"MYTHICAL CREATURES, PAGANISM, WORLD PAGANISM","Checkmark Books, HarperOne, McFarland "
"MYTHICAL CREATURES, CRYPTOZOOLOGY, ILLINOIS",Stackpole Books
"MYTHICAL CREATURES, CRYPTOZOOLOGY","Stackpole Books, TarcherPerigee, Independently Published, Unexplained Research Publishing LLC, Running Press Adult, Bower House"
MYTHICAL CREATURES,"Hay House, Llewellyn Publications"
"MEDITATION, PSYCHIC DEVELOPMENT","Llewellyn Publications, Hay House"
"MEDITATION, HEALING, RITUAL, PRACTICAL TECHNIQUES",Llewellyn Publications
"MEDITATION, EMPOWERMENT & INSPIRATION, SPIRITUALITY",Llewellyn Publications
"MEDITATION, EMPOWERMENT & INSPIRATION",Llewellyn Publications
"MEDITATION, CREATIVE VISUALIZATION, MANIFESTATION",Llewellyn Publications
"MEDITATION, COOKING & CRAFTS",Llewellyn Publications
"MEDITATION, CDS",Llewellyn Publications
"MEDITATION, ANGELS & SPIRIT GUIDES",Llewellyn Publications
"MEDITATION, MYTHICAL CREATURES",Llewellyn Publications
"MEDITATION, MANIFESTATION",Hay House
MEDITATION,Llewellyn Publications
"MANIFESTATION, SPELLS","Independently Published, Rockridge Press"
"MANIFESTATION, PARAPSYCHOLOGY",Hay House
MANIFESTATION,Hay House
MAGIC & SPELLS,Llewellyn Publications
"KARMIC ASTROLOGY, PLANETS & SIGNS",Llewellyn Publications
"KABBALAH, RITUAL, LGBTQ",Llewellyn Publications
"KABBALAH, OCCULTISM, SPIRITUALISM",Frances Lincoln
KABBALAH,"Hay House, Llewellyn Publications"
"INTUITION, PSYCHIC DEVELOPMENT",Hay House
"INTUITION, MANIFESTATION, SPIRITUALITY",Hay House
"INTUITION, ENERGY WORK, PARAPSYCHOLOGY",Hay House
INTUITION,Hay House
"INTERPRETIVE TECHNIQUES, PLANETS & SIGNS, PREDICTIVE ASTROLOGY",Llewellyn Publications
"INTERPRETIVE TECHNIQUES, KARMIC ASTROLOGY, PLANETS & SIGNS",Llewellyn Publications
"INTERPRETIVE TECHNIQUES, GODDESS & GOD WORSHIP",Llewellyn Publications
"I CHING, NUMEROLOGY, PALMISTRY, PENDULUM, RUNES, 
OTHER DIVINATION",Llewellyn Publications
"I CHING, NUMEROLOGY, PALMISTRY, PENDULUM, RUNES, DIVINATION",Llewellyn Publications
I CHING,Llewellyn Publications
"HOME & GARDEN, SPELLS, RITUALS","Rockridge Press, Provenance Press"
"HOME & GARDEN, SABBATS & SEASONS",Llewellyn Publications
"HISTORY & BIOGRAPHIES, WORLD PAGANISM",Llewellyn Publications
"HISTORY & BIOGRAPHIES, WITCHCRAFT",Llewellyn Publications
"HISTORY & BIOGRAPHIES, THEORY & TECHNIQUE",Llewellyn Publications
"HISTORY & BIOGRAPHIES, SABBATS & SEASONS",Llewellyn Publications
"HISTORY & BIOGRAPHIES, REFERENCE",Llewellyn Publications
"HISTORY & BIOGRAPHIES, PAGAN, WITCHCRAFT, WORLD PAGANISM",Llewellyn Publications
"HISTORY & BIOGRAPHIES, RITUALS, SPELLS",Weiser Books
"HISTORY & BIOGRAPHIES, GHOSTS & HAUNTINGS",Graymalkin Media
HISTORY & BIOGRAPHIES,Llewellyn Publications
"HERBALISM, WITCHCRAFT, WORLD PAGANISM",Llewellyn Publications
"HERBALISM, RITUAL",Llewellyn Publications
"HERBALISM, MEDITATION, EMPOWERMENT & INSPIRATION",Llewellyn Publications
"HERBALISM, HOME & GARDEN, WICCA",Llewellyn Publications
"HERBALISM, HOME & GARDEN",Llewellyn Publications
"HERBALISM, COOKING & CRAFTS, HOME & GARDEN",Llewellyn Publications
"HERBALISM, WORLD PAGANISM",Hampton Roads Publishing
"HERBALISM, NATURAL MAGIC",Hay House
"HERBALISM, DIVINATION",Independently Published
HERBALISM,Llewellyn Publications
"HEALING, WORLD PAGANISM",Llewellyn Publications
"HEALING, SHAMANISM, WITCHCRAFT, CDS",Llewellyn Publications
"HEALING, PAGAN, WITCHCRAFT, WORLD PAGANISM",Llewellyn Publications
"HEALING, PAGAN, SOLITARY PATH, WITCHCRAFT",Llewellyn Publications
"HEALING, WITCHCRAFT, SPELLS",Weiser Books
"HEALING, ENERGY WORK, SPIRIT GUIDES",Hay House
HEALING,Llewellyn Publications
"GRIMOIRE, REFERENCE",Llewellyn Publications
"GRIMOIRE, HISTORY & BIOGRAPHIES, REFERENCE, RITUAL",Llewellyn Publications
"GRIMOIRE, SPELLS, RITUALS",Fair Winds Press
GRIMOIRE,Llewellyn Publications
"GREEN SPIRITUALITY, WITCHCRAFT, SPELLS",Adams Media
"GREEN SPIRITUALITY, WITCHCRAFT","Llewellyn Publications, Weiser Books"
"GREEN SPIRITUALITY, WICCA",Llewellyn Publications
"GREEN SPIRITUALITY, SABBATS & SEASONS, WITCHCRAFT",Llewellyn Publications
"GREEN SPIRITUALITY, PRACTICAL TECHNIQUES, WITCHCRAFT",Llewellyn Publications
"GREEN SPIRITUALITY, PAGAN, WITCHCRAFT",Llewellyn Publications
"GREEN SPIRITUALITY, HOME & GARDEN, WITCHCRAFT, SPELLS",Adams Media
"GREEN SPIRITUALITY, HOME & GARDEN, WITCHCRAFT","Llewellyn Publications, Rockridge Press"
"GREEN SPIRITUALITY, HERBALISM, HOME & GARDEN",Llewellyn Publications
"GREEN SPIRITUALITY, HERBALISM","Llewellyn Publications, Three Hands Press"
"GOLDEN DAWN, THEORY & TECHNIQUE",Llewellyn Publications
"GOLDEN DAWN, REFERENCE, THEORY & TECHNIQUE",Llewellyn Publications
"GOLDEN DAWN, KABBALAH, THEORY & TECHNIQUE",Llewellyn Publications
GOLDEN DAWN,Llewellyn Publications
"GODDESS & GOD WORSHIP, WITCHCRAFT",Llewellyn Publications
"GODDESS & GOD WORSHIP, SHAMANISM, WORLD PAGANISM, THEORY & TECHNIQUE",Llewellyn Publications
"GODDESS & GOD WORSHIP, SHAMANISM",Llewellyn Publications
"GODDESS & GOD WORSHIP, RITES OF PASSAGE, WORLD PAGANISM, THEORY & TECHNIQUE",Llewellyn Publications
"GODDESS & GOD WORSHIP, RITES OF PASSAGE",Llewellyn Publications
"GODDESS & GOD WORSHIP, PAGAN, WORLD PAGANISM","Hay House, Llewellyn Publications"
"GODDESS & GOD WORSHIP, PAGAN, WITCHCRAFT, WORLD PAGANISM, HISTORY & BIOGRAPHIES",Llewellyn Publications
"GODDESS & GOD WORSHIP, PAGAN, RITUAL, SPELLS, WITCHCRAFT",Llewellyn Publications
"GODDESS & GOD WORSHIP, PAGAN, RITES OF PASSAGE",Llewellyn Publications
"GODDESS & GOD WORSHIP, HISTORY & BIOGRAPHIES, PAGAN, WORLD PAGANISM",Llewellyn Publications
"GODDESS & GOD WORSHIP, HISTORY & BIOGRAPHIES, PAGAN",Llewellyn Publications
"GODDESS & GOD WORSHIP, HEALING, WITCHCRAFT",Llewellyn Publications
"GODDESS & GOD WORSHIP, RITUALS, WITCHCRAFT","Weiser Books, Moon Books"
"GODDESS & GOD WORSHIP, PAGANISM, SPELLS",Witch Way Publishing
"GODDESS & GOD WORSHIP, ANGELS & SPIRIT GUIDES",Hay House
GODDESS & GOD WORSHIP,"Llewellyn Publications, Weiser Books"
GNOSTICISM,"Hay House, Llewellyn Publications"
"GHOSTS & HAUNTINGS, SPIRIT COMMUNICATION, OUIJA",Llewellyn Publications
"GHOSTS & HAUNTINGS, WORLD PAGANISM",McFarland 
"GHOSTS & HAUNTINGS, IllINOIS",Globe Pequot
"GHOSTS & HAUNTINGS, ILLINOIS","The History Press, History Press  "
"GHOSTS & HAUNTINGS, CRYPTOZOOLOGY","Gallery Books, Whitechapel Productions, Visionary Living, Incorporated"
"GHOSTS & HAUNTINGS, ALIENS, PSYCHICS, PARANORMAL INVESTIGATION",Prometheus
GHOSTS & HAUNTINGS,"The History Press, Globe Pequot, Llewellyn Publications, Independently Published, Stackpole Books, Visionary Living, Incorporated, The Kent State University Press, Kukui Publishing, Andrews McMeel Publishing, Pelican Publishing, History Press, American Hauntings Ink"
"GETTING STARTED, THEORY & PRACTICE",Llewellyn Publications
"GETTING STARTED, HOUSES & ASPECTS",Llewellyn Publications
"GETTING STARTED, TAROT",Llewellyn Publications
"FOLKLORE & NATURAL MAGIC, SANTERIA",Llewellyn Publications
"FOLKLORE & NATURAL MAGIC, PRACTICAL TECHNIQUES, WICCA",Llewellyn Publications
"FOLKLORE & NATURAL MAGIC, PAGAN, WITCHCRAFT, REFERENCE",Llewellyn Publications
"FOLKLORE & NATURAL MAGIC, PAGAN, WITCHCRAFT",Llewellyn Publications
"FOLKLORE & NATURAL MAGIC, HERBALISM, HOME & GARDEN, PAGAN, SPELLS, WITCHCRAFT",Llewellyn Publications
"FOLKLORE & NATURAL MAGIC, HEALING, SPELLS",Llewellyn Publications
"FOLKLORE & NATURAL MAGIC, HEALING",Llewellyn Publications
"FOLKLORE & NATURAL MAGIC, GREEN SPIRITUALITY, WITCHCRAFT",Llewellyn Publications
"FOLKLORE & NATURAL MAGIC, GREEN SPIRITUALITY, PRACTICAL TECHNIQUES",Llewellyn Publications
"FOLKLORE & NATURAL MAGIC, GREEN SPIRITUALITY, PAGAN, WITCHCRAFT",Llewellyn Publications
"FOLKLORE & NATURAL MAGIC, GREEN SPIRITUALITY, HERBALISM, HOME & GARDEN, SPELLS, WITCHCRAFT",Llewellyn Publications
"FOLKLORE & NATURAL MAGIC, GREEN SPIRITUALITY, HERBALISM",Llewellyn Publications
"FOLKLORE & NATURAL MAGIC, GODDESS & GOD WORSHIP, WORLD PAGANISM",Llewellyn Publications
FOLKLORE & NATURAL MAGIC,Llewellyn Publications
"FENG SHUI, HOME & GARDEN, WICCA",Llewellyn Publications
"FENG SHUI, EMPOWERMENT & INSPIRATION",Llewellyn Publications
"FAMILY, WITCHCRAFT, YOUNG ADULT",Llewellyn Publications
"FAMILY, RITUAL, WITCHCRAFT, RELATIONSHIPS & LOVE",Llewellyn Publications
"FAMILY, RITUAL, SABBATS & SEASONS",Llewellyn Publications
"FAMILY, PAGAN, RITES OF PASSAGE, RITUAL, WITCHCRAFT",Llewellyn Publications
"FAMILY, PAGAN, RITES OF PASSAGE, RELATIONSHIPS & LOVE",Llewellyn Publications
"FAMILY, PAGAN, PRACTICAL TECHNIQUES, WITCHCRAFT",Llewellyn Publications
"FAMILY, FOLKLORE & NATURAL MAGIC, HOME & GARDEN, WITCHCRAFT",Llewellyn Publications
"FAMILY, PAGANISM",Witch Way Publishing
FAMILY,Llewellyn Publications
"FAERIES & ELEMENTALS, WITCHCRAFT",Llewellyn Publications
"FAERIES & ELEMENTALS, FOLKLORE & NATURAL MAGIC",Llewellyn Publications
"FAERIES & ELEMENTALS, ANCIENT & LOST CIVILIZATIONS",Llewellyn Publications
FAERIES & ELEMENTALS,Llewellyn Publications
"ENOCHIAN, REFERENCE",Llewellyn Publications
"ENOCHIAN, HISTORY & BIOGRAPHIES",Llewellyn Publications
ENOCHIAN,Llewellyn Publications
"ENERGY WORK, PSYCHIC DEVELOPMENT",Llewellyn Publications
"ENERGY WORK, PRACTICAL TECHNIQUES",Llewellyn Publications
"ENERGY WORK, EMPOWERMENT & INSPIRATION","Llewellyn Publications, Hay House"
"ENERGY WORK, MANIFESTATION","Hay House, Independently Published"
"ENERGY WORK, HEALING, MANIFESTATION",Hay House
"ENERGY WORK, HEALING","Independently Published, Hay House"
ENERGY WORK,"Hay House, Llewellyn Publications, Visionary Living, Incorporated"
"EMPOWERMENT & INSPIRATION, SPIRITUALITY",Llewellyn Publications
"EMPOWERMENT & INSPIRATION, PSYCHIC DEVELOPMENT, SPIRITUALITY",Llewellyn Publications
"EMPOWERMENT & INSPIRATION, PSYCHIC DEVELOPMENT",Llewellyn Publications
"EMPOWERMENT & INSPIRATION, PAGAN",Llewellyn Publications
"EMPOWERMENT & INSPIRATION, NUMEROLOGY",Llewellyn Publications
"EMPOWERMENT & INSPIRATION, MEDITATION",Llewellyn Publications
"EMPOWERMENT & INSPIRATION, GREEN SPIRITUALITY, PAGAN",Llewellyn Publications
"EMPOWERMENT & INSPIRATION, GREEN SPIRITUALITY",Llewellyn Publications
"EMPOWERMENT & INSPIRATION, GODDESS & GOD WORSHIP",Llewellyn Publications
"EMPOWERMENT & INSPIRATION, ANIMALS",Llewellyn Publications
"EMPOWERMENT & INSPIRATION, PSYCHIC DEVELOPMENT",Hay House
"EMPOWERMENT & INSPIRATION, MYTHICAL CREATURES",Llewellyn Publications
EMPOWERMENT & INSPIRATION,Llewellyn Publications
"EASTERN PATHS, SPIRITUALITY, KABBALAH",Llewellyn Publications
"EASTERN PATHS, REFERENCE",Llewellyn Publications
"EASTERN PATHS, EMPOWERMENT & INSPIRATION",Llewellyn Publications
"DREAMS, PSYCHIC DEVELOPMENT",Llewellyn Publications
"DREAMS, PRACTICAL TECHNIQUES",Llewellyn Publications
"DREAMS, PAGAN",Llewellyn Publications
"DREAMS, EMPOWERMENT & INSPIRATION",Llewellyn Publications
"DREAMS, ASTRAL PROJECTION",Llewellyn Publications
"DREAMS, SHAMANISM, HEALING",Hay House
"DREAMS, RITUAL, PARAPSYCHOLOGY",Hay House
"DREAMS, RITUAL",Hay House
"DREAMS, PARAPSYCHOLOGY",Hay House
"DREAMS, MANIFESTATION, RUNES, ASTROLOGY, NUMEROLOGY, TAROT LENORMAND, I CHING, MEDITATION, ANGELS & SPIRIT GUIDES, MYTHICAL CREATURES",Hay House
DREAMS,"Hay House, Llewellyn Publications"
"DIVINATION, PAGANISM, SPELLS",Witch Way Publishing
DIVINATION,Hay House
"DEATH & THE AFTERLIFE, SPIRIT COMMUNICATION, MEDITATION",Hay House
"DEATH & THE AFTERLIFE, SPIRIT COMMUNICATION, ANIMALS",Hay House
"DEATH & THE AFTERLIFE, SPIRIT COMMUNICATION","Hay House, Hampton Roads Publishing, Llewellyn Publications"
"DEATH & THE AFTERLIFE, REINCARNATION",Llewellyn Publications
"DEATH & THE AFTERLIFE, PSYCHIC DEVELOPMENT, SPIRIT COMMUNICATION",Llewellyn Publications
"DEATH & THE AFTERLIFE, PAST LIVES & AFTERLIFE, SPIRIT COMMUNICATION",Llewellyn Publications
"DEATH & THE AFTERLIFE, PAST LIVES & AFTERLIFE, REINCARNATION",Llewellyn Publications
"DEATH & THE AFTERLIFE, PAST LIVES & AFTERLIFE, ANCIENT & LOST CIVILIZATIONS, REINCARNATION",Llewellyn Publications
"DEATH & THE AFTERLIFE, PAST LIVES & AFTERLIFE",Llewellyn Publications
"DEATH & THE AFTERLIFE, ANCESTORS AND ANCESTOR WORK",Llewellyn Publications
"DEATH & THE AFTERLIFE, HEALING",Hay House
"DEATH & THE AFTERLIFE, GHOSTS & HAUNTINGS",Grand Central Publishing
DEATH & THE AFTERLIFE,Llewellyn Publications
"CRYSTALS & GEMS, WITCHCRAFT",Llewellyn Publications
"CRYSTALS & GEMS, RITUAL, REFERENCE, AMULETS & TALISMANS",Llewellyn Publications
"CRYSTALS & GEMS, RITUAL",Llewellyn Publications
"CRYSTALS & GEMS, PAGAN, SPELLS",Llewellyn Publications
"CRYSTALS & GEMS, PAGAN",Llewellyn Publications
"CRYSTALS & GEMS, OTHER DIVINATION",Llewellyn Publications
"CRYSTALS & GEMS, ENERGY WORK",Llewellyn Publications
"CRYSTALS & GEMS, EMPOWERMENT & INSPIRATION, SPELLS",Llewellyn Publications
"CRYSTALS & GEMS, ANGELS & SPIRIT GUIDES",Llewellyn Publications
"CRYSTALS & GEMS, WICCA, WITCHCRACT",Sterling Ethos
"CRYSTALS & GEMS, PSYCHIC DEVELOPMENT",Hay House
"CRYSTALS & GEMS, MEDITATION, RITUAL",Hay House
"CRYSTALS & GEMS, MEDITATION, ENERGY WORK, ASTROLOGY",Hay House
"CRYSTALS & GEMS, MEDITATION, ENERGY WORK",Hay House
"CRYSTALS & GEMS, MEDITATION",Llewellyn Publications
"CRYSTALS & GEMS, ENERGY WORK",Hay House
"CRYSTALS & GEMS, DIVINATION","Hay House, Althea Press"
CRYSTALS & GEMS,"Krause Publications, Hay House, Llewellyn Publications"
CRYPTOZOOLOGY,Quirk Books
"CREATIVE VISUALIZATION, RITUAL",Llewellyn Publications
"COVEN, PAGAN, RITUAL, WITCHCRAFT",Llewellyn Publications
"COOKING & CRAFTS, WITCHCRAFT",Llewellyn Publications
"COOKING & CRAFTS, WICCA",Llewellyn Publications
"COOKING & CRAFTS, SPELLS, WITCHCRAFT",Llewellyn Publications
"COOKING & CRAFTS, RITUAL, SPELLS",Llewellyn Publications
"COOKING & CRAFTS, RITUAL",Llewellyn Publications
"COOKING & CRAFTS, PAGAN, SPELLS, WITCHCRAFT",Llewellyn Publications
"COOKING & CRAFTS, PAGAN, SABBATS & SEASONS",Llewellyn Publications
"COOKING & CRAFTS, PAGAN",Llewellyn Publications
"COOKING & CRAFTS, HOME & GARDEN, SABBATS & SEASONS",Llewellyn Publications
"COOKING & CRAFTS, HOME & GARDEN, PAGAN, WITCHCRAFT",Llewellyn Publications
"COOKING & CRAFTS, HERBALISM, WITCHCRAFT",Llewellyn Publications
"COOKING & CRAFTS, HERBALISM, HOME & GARDEN, PAGAN, RITUAL, SPELLS, WITCHCRAFT",Llewellyn Publications
"COOKING & CRAFTS, HERBALISM",Llewellyn Publications
"COOKING & CRAFTS, GREEN SPIRITUALITY, HERBALISM, HOME & GARDEN, WITCHCRAFT",Llewellyn Publications
"COOKING & CRAFTS, FOLKLORE & NATURAL MAGIC, HOME & GARDEN, SABBATS & SEASONS",Llewellyn Publications
"COOKING & CRAFTS, FOLKLORE & NATURAL MAGIC, HOME & GARDEN, PAGAN, WITCHCRAFT",Llewellyn Publications
"COOKING & CRAFTS, FOLKLORE & NATURAL MAGIC, HOME & GARDEN, PAGAN, SABBATS & SEASONS, WITCHCRAFT",Llewellyn Publications
"COOKING & CRAFTS, FOLKLORE & NATURAL MAGIC, HERBALISM, WITCHCRAFT",Llewellyn Publications
"COOKING & CRAFTS, FOLKLORE & NATURAL MAGIC, HERBALISM, PAGAN, SPELLS, WITCHCRAFT, OTHER DIVINATION",Llewellyn Publications
"COOKING & CRAFTS, FAMILY, SABBATS & SEASONS",Llewellyn Publications
"COOKING & CRAFTS, FAMILY, PAGAN, PRACTICAL TECHNIQUES",Llewellyn Publications
"COOKING & CRAFTS, FAMILY, HOME & GARDEN, SPELLS",Llewellyn Publications
"COOKING & CRAFTS, FAMILY, HOME & GARDEN, SABBATS & SEASONS, SHAMANISM",Llewellyn Publications
"COOKING & CRAFTS, FAMILY, HOME & GARDEN, SABBATS & SEASONS",Llewellyn Publications
"COOKING & CRAFTS, FAMILY, FOLKLORE & NATURAL MAGIC, HOME & GARDEN, PAGAN, SPELLS, WITCHCRAFT",Llewellyn Publications
"COOKING & CRAFTS, HERBALISM, HOME & GARDEN, PAGAN, WITCHCRAFT",Llewellyn Publications
COOKING & CRAFTS,Llewellyn Publications
"CHAKRAS, PSYCHIC DEVELOPMENT",Llewellyn Publications
"CHAKRAS, ENERGY WORK",Llewellyn Publications
"CELTIC & DRUID, WITCHCRAFT, WORLD PAGANISM",Llewellyn Publications
"CELTIC & DRUID, SOLITARY PATH",Llewellyn Publications
"CELTIC & DRUID, SHAMANISM",Llewellyn Publications
"CELTIC & DRUID, RITUAL, WICCA, GOLDEN DAWN, KABBALAH",Llewellyn Publications
"CELTIC & DRUID, GRIMOIRE",Llewellyn Publications
"CELTIC & DRUID, GREEN SPIRITUALITY, PAGAN",Llewellyn Publications
"CELTIC & DRUID, GODDESS & GOD WORSHIP",Llewellyn Publications
"CELTIC & DRUID, FOLKLORE & NATURAL MAGIC, SPELLS","Sterling Ethos, Llewellyn Publications"
"CELTIC & DRUID, FOLKLORE & NATURAL MAGIC",Llewellyn Publications
"CELTIC & DRUID, FAMILY, PAGAN, RITES OF PASSAGE",Llewellyn Publications
"CELTIC & DRUID, FAERIES & ELEMENTALS, FOLKLORE & NATURAL MAGIC",Llewellyn Publications
"CELTIC & DRUID, COOKING & CRAFTS, RITUAL",Llewellyn Publications
"CELTIC & DRUID, PAGANISM, WORLD PAGANISM",Hay House
CELTIC & DRUID,Llewellyn Publications
"BOOK OF SHADOWS, SOLITARY PATH, WITCHCRAFT",Llewellyn Publications
"BOOK OF SHADOWS, PRACTICAL TECHNIQUES, WITCHCRAFT",Llewellyn Publications
"BOOK OF SHADOWS, PAGAN, WITCHCRAFT",Llewellyn Publications
BOOK OF SHADOWS,Llewellyn Publications
"AURAS, ENERGY WORK",Llewellyn Publications
"AURAS, CHAKRAS",Llewellyn Publications
AURAS,Llewellyn Publications
"ASTRAL PROJECTION, PSYCHIC DEVELOPMENT",Llewellyn Publications
ASTRAL PROJECTION,Llewellyn Publications
"ANIMALS, SPIRITUALITY",Hay House
"ANIMALS & MYTHICAL CREATURES, WITCHCRAFT",Llewellyn Publications
"ANIMALS & MYTHICAL CREATURES, VAMPIRES & MYTHICAL CREATURES",Llewellyn Publications
"ANIMALS & MYTHICAL CREATURES, THEORY & TECHNIQUE",Llewellyn Publications
"ANIMALS & MYTHICAL CREATURES, SPELLS",Llewellyn Publications
"ANIMALS & MYTHICAL CREATURES, SHAMANISM, ANIMALS",Llewellyn Publications
"ANIMALS & MYTHICAL CREATURES, SHAMANISM",Llewellyn Publications
"ANIMALS & MYTHICAL CREATURES, RITUAL",Llewellyn Publications
"ANIMALS & MYTHICAL CREATURES, PAGAN, SPELLS",Llewellyn Publications
"ANIMALS & MYTHICAL CREATURES, GODDESS & GOD WORSHIP, PAGAN, WITCHCRAFT",Llewellyn Publications
"ANIMALS & MYTHICAL CREATURES, FAERIES & ELEMENTALS",Llewellyn Publications
ANIMALS & MYTHICAL CREATURES,Llewellyn Publications
"ANGELS & SPIRIT GUIDES, SPIRITUALITY",Llewellyn Publications
"ANGELS & SPIRIT GUIDES, SPIRIT COMMUNICATION, DEATH & AFTERLIFE, PAST LIVES, REINCARNATION",Hay House
"ANGELS & SPIRIT GUIDES, SPIRIT COMMUNICATION, DEATH & AFTERLIFE",Hay House
"ANGELS & SPIRIT GUIDES, SPIRIT COMMUNICATION, ALIENS & UFOS, PARANORMAL, MYSTICISM",Hay House
"ANGELS & SPIRIT GUIDES, SPIRIT COMMUNICATION","Hay House, Llewellyn Publications"
"ANGELS & SPIRIT GUIDES, KABBALAH",Llewellyn Publications
"ANGELS & SPIRIT GUIDES, EMPOWERMENT & INSPIRATION",Llewellyn Publications
"ANGELS & SPIRIT GUIDES, DEATH & THE AFTERLIFE, PAST LIVES, ANIMALS, MANIFESTATION",Hay House
"ANGELS & SPIRIT GUIDES, DEATH & THE AFTERLIFE, PAST LIVES & AFTERLIFE",Llewellyn Publications
"ANGELS & SPIRIT GUIDES, RELATIONSHIPS",Hay House
"ANGELS & SPIRIT GUIDES, MEDITATION",Hay House
"ANGELS & SPIRIT GUIDES, MANIFESTATION",Hay House
"ANGELS & SPIRIT GUIDES, DREAMS",Hay House
"ANGELS & SPIRIT GUIDES, ANIMALS & MYTHICAL CREATURES",Hay House
"ANGELS & SPIRIT GUIDES, ANIMALS  ",Hay House
ANGELS & SPIRIT GUIDES,"Hay House, Llewellyn Publications"
ANCIENT & LOST CIVILIZATIONS,"McFarland , Llewellyn Publications"
"ALTERNATIVE THERAPIES, SHAMANISM",Llewellyn Publications
"ALTERNATIVE THERAPIES, RITUAL",Hay House
"ALTERNATIVE THERAPIES, HERBALISM",Llewellyn Publications
"ALTERNATIVE THERAPIES, HEALING, HOME & GARDEN",Llewellyn Publications
"ALTERNATIVE THERAPIES, ENERGY WORK",Llewellyn Publications
"ALTERNATIVE THERAPIES, CRYSTALS & GEMS",Llewellyn Publications
"ALTERNATIVE THERAPIES, COOKING & CRAFTS, HOME & GARDEN",Llewellyn Publications
ALTERNATIVE THERAPIES,Llewellyn Publications
"ALCHEMY, THEORY & TECHNIQUE",Llewellyn Publications
"ALCHEMY, GOLDEN DAWN, KABBALAH",Llewellyn Publications
"ALCHEMY, GOLDEN DAWN",Llewellyn Publications
"ALCHEMY, ENOCHIAN, SPIRIT COMMUNICATION",Llewellyn Publications
"ALCHEMY, ENOCHIAN, KABBALAH, RITUAL, THEORY & TECHNIQUE",Llewellyn Publications
"ALCHEMY, ENOCHIAN, KABBALAH, REFERENCE, THEORY & TECHNIQUE",Llewellyn Publications